time,pos_x,pos_y,pos_z,vel_x,vel_y,vel_z,acc_x,acc_y,acc_z,euler_roll,euler_pitch,euler_yaw,euler_rate_r,euler_rate_p,euler_rate_y,euler_acc_r,euler_acc_p,euler_acc_y,quat_w,quat_x,quat_y,quat_z,quat_rate_w,quat_rate_x,quat_rate_y,quat_rate_z,quat_acc_w,quat_acc_x,quat_acc_y,quat_acc_z,ang_vel_x,ang_vel_y,ang_vel_z,ang_acc_x,ang_acc_y,ang_acc_z
0,0,0,0,0,0,0,0,0,0,0,-0,0,0,0,0,0,0,0,1,0,0,0,-0,0,0,0,0,0,0,0,0,0,0,0,0,0
0.0252525252525253,0,0,-0.0101010101010101,0,0,-0.4,0,0,-0,0,-0,0,0,0,0,0,0,0,1,0,0,0,-0,0,0,0,0,0,0,0,0,0,0,0,0,0
0.0505050505050505,0,0,-0.0202020202020202,0,0,-0.4,0,0,-0,0,-0,0,0,0,0,0,0,0,1,0,0,0,-0,0,0,0,0,0,0,0,0,0,0,0,0,0
0.0757575757575758,0,0,-0.0303030303030303,0,0,-0.4,0,0,-0,0,-0,0,0,0,0,0,0,0,1,0,0,0,-0,0,0,0,0,0,0,0,0,0,0,0,0,0
0.101010101010101,0,0,-0.0404040404040404,0,0,-0.4,0,0,-0,0,-0,0,0,0,0,0,0,0,1,0,0,0,-0,0,0,0,0,0,0,0,0,0,0,0,0,0
0.126262626262626,0,0,-0.0505050505050505,0,0,-0.4,0,0,-0,0,-0,0,0,0,0,0,0,0,1,0,0,0,-0,0,0,0,0,0,0,0,0,0,0,0,0,0
0.151515151515152,0,0,-0.0606060606060606,0,0,-0.4,0,0,-0,0,-0,0,0,0,0,0,0,0,1,0,0,0,-0,0,0,0,0,0,0,0,0,0,0,0,0,0
0.176767676767677,0,0,-0.0707070707070707,0,0,-0.4,0,0,-0,0,-0,0,0,0,0,0,0,0,1,0,0,0,-0,0,0,0,0,0,0,0,0,0,0,0,0,0
0.202020202020202,0,0,-0.0808080808080808,0,0,-0.4,0,0,-0,0,-0,0,0,0,0,0,0,0,1,0,0,0,-0,0,0,0,0,0,0,0,0,0,0,0,0,0
0.227272727272727,0,0,-0.0909090909090909,0,0,-0.4,0,0,-0,0,-0,0,0,0,0,0,0,0,1,0,0,0,-0,0,0,0,0,0,0,0,0,0,0,0,0,0
0.252525252525253,0,0,-0.101010101010101,0,0,-0.4,0,0,-0,0,-0,0,0,0,0,0,0,0,1,0,0,0,-0,0,0,0,0,0,0,0,0,0,0,0,0,0
0.277777777777778,0,0,-0.111111111111111,0,0,-0.4,0,0,-0,0,-0,0,0,0,0,0,0,0,1,0,0,0,-0,0,0,0,0,0,0,0,0,0,0,0,0,0
0.303030303030303,0,0,-0.121212121212121,0,0,-0.4,0,0,-0,0,-0,0,0,0,0,0,0,0,1,0,0,0,-0,0,0,0,0,0,0,0,0,0,0,0,0,0
0.328282828282828,0,0,-0.131313131313131,0,0,-0.4,0,0,-0,0,-0,0,0,0,0,0,0,0,1,0,0,0,-0,0,0,0,0,0,0,0,0,0,0,0,0,0
0.353535353535354,0,0,-0.141414141414141,0,0,-0.4,0,0,-0,0,-0,0,0,0,0,0,0,0,1,0,0,0,-0,0,0,0,0,0,0,0,0,0,0,0,0,0
0.378787878787879,0,0,-0.151515151515152,0,0,-0.4,0,0,-0,0,-0,0,0,0,0,0,0,0,1,0,0,0,-0,0,0,0,0,0,0,0,0,0,0,0,0,0
0.404040404040404,0,0,-0.161616161616162,0,0,-0.4,0,0,-0,0,-0,0,0,0,0,0,0,0,1,0,0,0,-0,0,0,0,0,0,0,0,0,0,0,0,0,0
0.429292929292929,0,0,-0.171717171717172,0,0,-0.4,0,0,-0,0,-0,0,0,0,0,0,0,0,1,0,0,0,-0,0,0,0,0,0,0,0,0,0,0,0,0,0
0.454545454545455,0,0,-0.181818181818182,0,0,-0.4,0,0,-0,0,-0,0,0,0,0,0,0,0,1,0,0,0,-0,0,0,0,0,0,0,0,0,0,0,0,0,0
0.47979797979798,0,0,-0.191919191919192,0,0,-0.4,0,0,-0,0,-0,0,0,0,0,0,0,0,1,0,0,0,-0,0,0,0,0,0,0,0,0,0,0,0,0,0
0.505050505050505,0,0,-0.202020202020202,0,0,-0.4,0,0,-0,0,-0,0,0,0,0,0,0,0,1,0,0,0,-0,0,0,0,0,0,0,0,0,0,0,0,0,0
0.53030303030303,0,0,-0.212121212121212,0,0,-0.4,0,0,-0,0,-0,0,0,0,0,0,0,0,1,0,0,0,-0,0,0,0,0,0,0,0,0,0,0,0,0,0
0.555555555555556,0,0,-0.222222222222222,0,0,-0.4,0,0,-0,0,-0,0,0,0,0,0,0,0,1,0,0,0,-0,0,0,0,0,0,0,0,0,0,0,0,0,0
0.580808080808081,0,0,-0.232323232323232,0,0,-0.4,0,0,-0,0,-0,0,0,0,0,0,0,0,1,0,0,0,-0,0,0,0,0,0,0,0,0,0,0,0,0,0
0.606060606060606,0,0,-0.242424242424242,0,0,-0.4,0,0,-0,0,-0,0,0,0,0,0,0,0,1,0,0,0,-0,0,0,0,0,0,0,0,0,0,0,0,0,0
0.631313131313131,0,0,-0.252525252525253,0,0,-0.4,0,0,-0,0,-0,0,0,0,0,0,0,0,1,0,0,0,-0,0,0,0,0,0,0,0,0,0,0,0,0,0
0.656565656565657,0,0,-0.262626262626263,0,0,-0.4,0,0,-0,0,-0,0,0,0,0,0,0,0,1,0,0,0,-0,0,0,0,0,0,0,0,0,0,0,0,0,0
0.681818181818182,0,0,-0.272727272727273,0,0,-0.4,0,0,-0,0,-0,0,0,0,0,0,0,0,1,0,0,0,-0,0,0,0,0,0,0,0,0,0,0,0,0,0
0.707070707070707,0,0,-0.282828282828283,0,0,-0.4,0,0,-0,0,-0,0,0,0,0,0,0,0,1,0,0,0,-0,0,0,0,0,0,0,0,0,0,0,0,0,0
0.732323232323232,0,0,-0.292929292929293,0,0,-0.4,0,0,-0,0,-0,0,0,0,0,0,0,0,1,0,0,0,-0,0,0,0,0,0,0,0,0,0,0,0,0,0
0.757575757575758,0,0,-0.303030303030303,0,0,-0.4,0,0,-0,0,-0,0,0,0,0,0,0,0,1,0,0,0,-0,0,0,0,0,0,0,0,0,0,0,0,0,0
0.782828282828283,0,0,-0.313131313131313,0,0,-0.4,0,0,-0,0,-0,0,0,0,0,0,0,0,1,0,0,0,-0,0,0,0,0,0,0,0,0,0,0,0,0,0
0.808080808080808,0,0,-0.323232323232323,0,0,-0.4,0,0,-0,0,-0,0,0,0,0,0,0,0,1,0,0,0,-0,0,0,0,0,0,0,0,0,0,0,0,0,0
0.833333333333333,0,0,-0.333333333333333,0,0,-0.4,0,0,-0,0,-0,0,0,0,0,0,0,0,1,0,0,0,-0,0,0,0,0,0,0,0,0,0,0,0,0,0
0.858585858585859,0,0,-0.343434343434343,0,0,-0.4,0,0,-0,0,-0,0,0,0,0,0,0,0,1,0,0,0,-0,0,0,0,0,0,0,0,0,0,0,0,0,0
0.883838383838384,0,0,-0.353535353535354,0,0,-0.4,0,0,-0,0,-0,0,0,0,0,0,0,0,1,0,0,0,-0,0,0,0,0,0,0,0,0,0,0,0,0,0
0.909090909090909,0,0,-0.363636363636364,0,0,-0.4,0,0,-0,0,-0,0,0,0,0,0,0,0,1,0,0,0,-0,0,0,0,0,0,0,0,0,0,0,0,0,0
0.934343434343434,0,0,-0.373737373737374,0,0,-0.4,0,0,-0,0,-0,0,0,0,0,0,0,0,1,0,0,0,-0,0,0,0,0,0,0,0,0,0,0,0,0,0
0.95959595959596,0,0,-0.383838383838384,0,0,-0.4,0,0,-0,0,-0,0,0,0,0,0,0,0,1,0,0,0,-0,0,0,0,0,0,0,0,0,0,0,0,0,0
0.984848484848485,0,0,-0.393939393939394,0,0,-0.4,0,0,-0,0,-0,0,0,0,0,0,0,0,1,0,0,0,-0,0,0,0,0,0,0,0,0,0,0,0,0,0
1.01010101010101,0,0,-0.404040404040404,0,0,-0.4,0,0,-0,0,-0,0,0,0,0,0,0,0,1,0,0,0,-0,0,0,0,0,0,0,0,0,0,0,0,0,0
1.03535353535354,0,0,-0.414141414141414,0,0,-0.4,0,0,-0,0,-0,0,0,0,0,0,0,0,1,0,0,0,-0,0,0,0,0,0,0,0,0,0,0,0,0,0
1.06060606060606,0,0,-0.424242424242424,0,0,-0.4,0,0,-0,0,-0,0,0,0,0,0,0,0,1,0,0,0,-0,0,0,0,0,0,0,0,0,0,0,0,0,0
1.08585858585859,0,0,-0.434343434343434,0,0,-0.4,0,0,-0,0,-0,0,0,0,0,0,0,0,1,0,0,0,-0,0,0,0,0,0,0,0,0,0,0,0,0,0
1.11111111111111,0,0,-0.444444444444444,0,0,-0.4,0,0,-0,0,-0,0,0,0,0,0,0,0,1,0,0,0,-0,0,0,0,0,0,0,0,0,0,0,0,0,0
1.13636363636364,0,0,-0.454545454545455,0,0,-0.4,0,0,-0,0,-0,0,0,0,0,0,0,0,1,0,0,0,-0,0,0,0,0,0,0,0,0,0,0,0,0,0
1.16161616161616,0,0,-0.464646464646465,0,0,-0.4,0,0,-0,0,-0,0,0,0,0,0,0,0,1,0,0,0,-0,0,0,0,0,0,0,0,0,0,0,0,0,0
1.18686868686869,0,0,-0.474747474747475,0,0,-0.4,0,0,-0,0,-0,0,0,0,0,0,0,0,1,0,0,0,-0,0,0,0,0,0,0,0,0,0,0,0,0,0
1.21212121212121,0,0,-0.484848484848485,0,0,-0.4,0,0,-0,0,-0,0,0,0,0,0,0,0,1,0,0,0,-0,0,0,0,0,0,0,0,0,0,0,0,0,0
1.23737373737374,0,0,-0.494949494949495,0,0,-0.4,0,0,-0,0,-0,0,0,0,0,0,0,0,1,0,0,0,-0,0,0,0,0,0,0,0,0,0,0,0,0,0
1.26262626262626,0,0,-0.505050505050505,0,0,-0.4,0,0,-0,0,-0,0,0,0,0,0,0,0,1,0,0,0,-0,0,0,0,0,0,0,0,0,0,0,0,0,0
1.28787878787879,0,0,-0.515151515151515,0,0,-0.4,0,0,-0,0,-0,0,0,0,0,0,0,0,1,0,0,0,-0,0,0,0,0,0,0,0,0,0,0,0,0,0
1.31313131313131,0,0,-0.525252525252525,0,0,-0.4,0,0,-0,0,-0,0,0,0,0,0,0,0,1,0,0,0,-0,0,0,0,0,0,0,0,0,0,0,0,0,0
1.33838383838384,0,0,-0.535353535353535,0,0,-0.4,0,0,-0,0,-0,0,0,0,0,0,0,0,1,0,0,0,-0,0,0,0,0,0,0,0,0,0,0,0,0,0
1.36363636363636,0,0,-0.545454545454545,0,0,-0.4,0,0,-0,0,-0,0,0,0,0,0,0,0,1,0,0,0,-0,0,0,0,0,0,0,0,0,0,0,0,0,0
1.38888888888889,0,0,-0.555555555555556,0,0,-0.4,0,0,-0,0,-0,0,0,0,0,0,0,0,1,0,0,0,-0,0,0,0,0,0,0,0,0,0,0,0,0,0
1.41414141414141,0,0,-0.565656565656566,0,0,-0.4,0,0,-0,0,-0,0,0,0,0,0,0,0,1,0,0,0,-0,0,0,0,0,0,0,0,0,0,0,0,0,0
1.43939393939394,0,0,-0.575757575757576,0,0,-0.4,0,0,-0,0,-0,0,0,0,0,0,0,0,1,0,0,0,-0,0,0,0,0,0,0,0,0,0,0,0,0,0
1.46464646464646,0,0,-0.585858585858586,0,0,-0.4,0,0,-0,0,-0,0,0,0,0,0,0,0,1,0,0,0,-0,0,0,0,0,0,0,0,0,0,0,0,0,0
1.48989898989899,0,0,-0.595959595959596,0,0,-0.4,0,0,-0,0,-0,0,0,0,0,0,0,0,1,0,0,0,-0,0,0,0,0,0,0,0,0,0,0,0,0,0
1.51515151515152,0,0,-0.606060606060606,0,0,-0.4,0,0,-0,0,-0,0,0,0,0,0,0,0,1,0,0,0,-0,0,0,0,0,0,0,0,0,0,0,0,0,0
1.54040404040404,0,0,-0.616161616161616,0,0,-0.4,0,0,-0,0,-0,0,0,0,0,0,0,0,1,0,0,0,-0,0,0,0,0,0,0,0,0,0,0,0,0,0
1.56565656565657,0,0,-0.626262626262626,0,0,-0.4,0,0,-0,0,-0,0,0,0,0,0,0,0,1,0,0,0,-0,0,0,0,0,0,0,0,0,0,0,0,0,0
1.59090909090909,0,0,-0.636363636363636,0,0,-0.4,0,0,-0,0,-0,0,0,0,0,0,0,0,1,0,0,0,-0,0,0,0,0,0,0,0,0,0,0,0,0,0
1.61616161616162,0,0,-0.646464646464647,0,0,-0.4,0,0,-0,0,-0,0,0,0,0,0,0,0,1,0,0,0,-0,0,0,0,0,0,0,0,0,0,0,0,0,0
1.64141414141414,0,0,-0.656565656565657,0,0,-0.4,0,0,-0,0,-0,0,0,0,0,0,0,0,1,0,0,0,-0,0,0,0,0,0,0,0,0,0,0,0,0,0
1.66666666666667,0,0,-0.666666666666667,0,0,-0.4,0,0,-0,0,-0,0,0,0,0,0,0,0,1,0,0,0,-0,0,0,0,0,0,0,0,0,0,0,0,0,0
1.69191919191919,0,0,-0.676767676767677,0,0,-0.4,0,0,-0,0,-0,0,0,0,0,0,0,0,1,0,0,0,-0,0,0,0,0,0,0,0,0,0,0,0,0,0
1.71717171717172,0,0,-0.686868686868687,0,0,-0.4,0,0,-0,0,-0,0,0,0,0,0,0,0,1,0,0,0,-0,0,0,0,0,0,0,0,0,0,0,0,0,0
1.74242424242424,0,0,-0.696969696969697,0,0,-0.4,0,0,-0,0,-0,0,0,0,0,0,0,0,1,0,0,0,-0,0,0,0,0,0,0,0,0,0,0,0,0,0
1.76767676767677,0,0,-0.707070707070707,0,0,-0.4,0,0,-0,0,-0,0,0,0,0,0,0,0,1,0,0,0,-0,0,0,0,0,0,0,0,0,0,0,0,0,0
1.79292929292929,0,0,-0.717171717171717,0,0,-0.4,0,0,-0,0,-0,0,0,0,0,0,0,0,1,0,0,0,-0,0,0,0,0,0,0,0,0,0,0,0,0,0
1.81818181818182,0,0,-0.727272727272727,0,0,-0.4,0,0,-0,0,-0,0,0,0,0,0,0,0,1,0,0,0,-0,0,0,0,0,0,0,0,0,0,0,0,0,0
1.84343434343434,0,0,-0.737373737373737,0,0,-0.4,0,0,-0,0,-0,0,0,0,0,0,0,0,1,0,0,0,-0,0,0,0,0,0,0,0,0,0,0,0,0,0
1.86868686868687,0,0,-0.747474747474748,0,0,-0.4,0,0,-0,0,-0,0,0,0,0,0,0,0,1,0,0,0,-0,0,0,0,0,0,0,0,0,0,0,0,0,0
1.89393939393939,0,0,-0.757575757575758,0,0,-0.4,0,0,-0,0,-0,0,0,0,0,0,0,0,1,0,0,0,-0,0,0,0,0,0,0,0,0,0,0,0,0,0
1.91919191919192,0,0,-0.767676767676768,0,0,-0.4,0,0,-0,0,-0,0,0,0,0,0,0,0,1,0,0,0,-0,0,0,0,0,0,0,0,0,0,0,0,0,0
1.94444444444444,0,0,-0.777777777777778,0,0,-0.4,0,0,-0,0,-0,0,0,0,0,0,0,0,1,0,0,0,-0,0,0,0,0,0,0,0,0,0,0,0,0,0
1.96969696969697,0,0,-0.787878787878788,0,0,-0.4,0,0,-0,0,-0,0,0,0,0,0,0,0,1,0,0,0,-0,0,0,0,0,0,0,0,0,0,0,0,0,0
1.9949494949495,0,0,-0.797979797979798,0,0,-0.4,0,0,-0,0,-0,0,0,0,0,0,0,0,1,0,0,0,-0,0,0,0,0,0,0,0,0,0,0,0,0,0
2.02020202020202,0,0,-0.808080808080808,0,0,-0.4,0,0,-0,0,-0,0,0,0,0,0,0,0,1,0,0,0,-0,0,0,0,0,0,0,0,0,0,0,0,0,0
2.04545454545455,0,0,-0.818181818181818,0,0,-0.4,0,0,-0,0,-0,0,0,0,0,0,0,0,1,0,0,0,-0,0,0,0,0,0,0,0,0,0,0,0,0,0
2.07070707070707,0,0,-0.828282828282828,0,0,-0.4,0,0,-0,0,-0,0,0,0,0,0,0,0,1,0,0,0,-0,0,0,0,0,0,0,0,0,0,0,0,0,0
2.0959595959596,0,0,-0.838383838383838,0,0,-0.4,0,0,-0,0,-0,0,0,0,0,0,0,0,1,0,0,0,-0,0,0,0,0,0,0,0,0,0,0,0,0,0
2.12121212121212,0,0,-0.848484848484849,0,0,-0.4,0,0,-0,0,-0,0,0,0,0,0,0,0,1,0,0,0,-0,0,0,0,0,0,0,0,0,0,0,0,0,0
2.14646464646465,0,0,-0.858585858585859,0,0,-0.4,0,0,-0,0,-0,0,0,0,0,0,0,0,1,0,0,0,-0,0,0,0,0,0,0,0,0,0,0,0,0,0
2.17171717171717,0,0,-0.868686868686869,0,0,-0.4,0,0,-0,0,-0,0,0,0,0,0,0,0,1,0,0,0,-0,0,0,0,0,0,0,0,0,0,0,0,0,0
2.1969696969697,0,0,-0.878787878787879,0,0,-0.4,0,0,-0,0,-0,0,0,0,0,0,0,0,1,0,0,0,-0,0,0,0,0,0,0,0,0,0,0,0,0,0
2.22222222222222,0,0,-0.888888888888889,0,0,-0.4,0,0,-0,0,-0,0,0,0,0,0,0,0,1,0,0,0,-0,0,0,0,0,0,0,0,0,0,0,0,0,0
2.24747474747475,0,0,-0.898989898989899,0,0,-0.4,0,0,-0,0,-0,0,0,0,0,0,0,0,1,0,0,0,-0,0,0,0,0,0,0,0,0,0,0,0,0,0
2.27272727272727,0,0,-0.909090909090909,0,0,-0.4,0,0,-0,0,-0,0,0,0,0,0,0,0,1,0,0,0,-0,0,0,0,0,0,0,0,0,0,0,0,0,0
2.2979797979798,0,0,-0.919191919191919,0,0,-0.4,0,0,-0,0,-0,0,0,0,0,0,0,0,1,0,0,0,-0,0,0,0,0,0,0,0,0,0,0,0,0,0
2.32323232323232,0,0,-0.929292929292929,0,0,-0.4,0,0,-0,0,-0,0,0,0,0,0,0,0,1,0,0,0,-0,0,0,0,0,0,0,0,0,0,0,0,0,0
2.34848484848485,0,0,-0.939393939393939,0,0,-0.4,0,0,-0,0,-0,0,0,0,0,0,0,0,1,0,0,0,-0,0,0,0,0,0,0,0,0,0,0,0,0,0
2.37373737373737,0,0,-0.94949494949495,0,0,-0.4,0,0,-0,0,-0,0,0,0,0,0,0,0,1,0,0,0,-0,0,0,0,0,0,0,0,0,0,0,0,0,0
2.3989898989899,0,0,-0.95959595959596,0,0,-0.4,0,0,-0,0,-0,0,0,0,0,0,0,0,1,0,0,0,-0,0,0,0,0,0,0,0,0,0,0,0,0,0
2.42424242424242,0,0,-0.96969696969697,0,0,-0.4,0,0,-0,0,-0,0,0,0,0,0,0,0,1,0,0,0,-0,0,0,0,0,0,0,0,0,0,0,0,0,0
2.44949494949495,0,0,-0.97979797979798,0,0,-0.4,0,0,-0,0,-0,0,0,0,0,0,0,0,1,0,0,0,-0,0,0,0,0,0,0,0,0,0,0,0,0,0
2.47474747474747,0,0,-0.98989898989899,0,0,-0.4,0,0,-0,0,-0,0,0,0,0,0,0,0,1,0,0,0,-0,0,0,0,0,0,0,0,0,0,0,0,0,0
2.5,0,0,-1,0,0,-0.4,0,0,-0,0,-0,0,0,0,0,0,0,0,1,0,0,0,-0,0,0,0,0,0,0,0,0,0,0,0,0,0
2.51010101010101,0.0303030303030298,0,-1,3,0,0,0,0,0,0,-0,0,0,0,0,0,0,0,1,0,0,0,-0,0,0,0,0,0,0,0,0,0,0,0,0,0
2.52020202020202,0.060606060606061,0,-1,3,0,0,0,0,0,0,-0,0,0,0,0,0,0,0,1,0,0,0,-0,0,0,0,0,0,0,0,0,0,0,0,0,0
2.53030303030303,0.0909090909090908,0,-1,3,0,0,0,0,0,0,-0,0,0,0,0,0,0,0,1,0,0,0,-0,0,0,0,0,0,0,0,0,0,0,0,0,0
2.54040404040404,0.121212121212121,0,-1,3,0,0,0,0,0,0,-0,0,0,0,0,0,0,0,1,0,0,0,-0,0,0,0,0,0,0,0,0,0,0,0,0,0
2.55050505050505,0.151515151515152,0,-1,3,0,0,0,0,0,0,-0,0,0,0,0,0,0,0,1,0,0,0,-0,0,0,0,0,0,0,0,0,0,0,0,0,0
2.56060606060606,0.181818181818182,0,-1,3,0,0,0,0,0,0,-0,0,0,0,0,0,0,0,1,0,0,0,-0,0,0,0,0,0,0,0,0,0,0,0,0,0
2.57070707070707,0.212121212121211,0,-1,3,0,0,0,0,0,0,-0,0,0,0,0,0,0,0,1,0,0,0,-0,0,0,0,0,0,0,0,0,0,0,0,0,0
2.58080808080808,0.242424242424243,0,-1,3,0,0,0,0,0,0,-0,0,0,0,0,0,0,0,1,0,0,0,-0,0,0,0,0,0,0,0,0,0,0,0,0,0
2.59090909090909,0.272727272727272,0,-1,3,0,0,0,0,0,0,-0,0,0,0,0,0,0,0,1,0,0,0,-0,0,0,0,0,0,0,0,0,0,0,0,0,0
2.6010101010101,0.303030303030304,0,-1,3,0,0,0,0,0,0,-0,0,0,0,0,0,0,0,1,0,0,0,-0,0,0,0,0,0,0,0,0,0,0,0,0,0
2.61111111111111,0.333333333333333,0,-1,3,0,0,0,0,0,0,-0,0,0,0,0,0,0,0,1,0,0,0,-0,0,0,0,0,0,0,0,0,0,0,0,0,0
2.62121212121212,0.363636363636363,0,-1,3,0,0,0,0,0,0,-0,0,0,0,0,0,0,0,1,0,0,0,-0,0,0,0,0,0,0,0,0,0,0,0,0,0
2.63131313131313,0.393939393939394,0,-1,3,0,0,0,0,0,0,-0,0,0,0,0,0,0,0,1,0,0,0,-0,0,0,0,0,0,0,0,0,0,0,0,0,0
2.64141414141414,0.424242424242424,0,-1,3,0,0,0,0,0,0,-0,0,0,0,0,0,0,0,1,0,0,0,-0,0,0,0,0,0,0,0,0,0,0,0,0,0
2.65151515151515,0.454545454545454,0,-1,3,0,0,0,0,0,0,-0,0,0,0,0,0,0,0,1,0,0,0,-0,0,0,0,0,0,0,0,0,0,0,0,0,0
2.66161616161616,0.484848484848485,0,-1,3,0,0,0,0,0,0,-0,0,0,0,0,0,0,0,1,0,0,0,-0,0,0,0,0,0,0,0,0,0,0,0,0,0
2.67171717171717,0.515151515151515,0,-1,3,0,0,0,0,0,0,-0,0,0,0,0,0,0,0,1,0,0,0,-0,0,0,0,0,0,0,0,0,0,0,0,0,0
2.68181818181818,0.545454545454545,0,-1,3,0,0,0,0,0,0,-0,0,0,0,0,0,0,0,1,0,0,0,-0,0,0,0,0,0,0,0,0,0,0,0,0,0
2.69191919191919,0.575757575757576,0,-1,3,0,0,0,0,0,0,-0,0,0,0,0,0,0,0,1,0,0,0,-0,0,0,0,0,0,0,0,0,0,0,0,0,0
2.7020202020202,0.606060606060606,0,-1,3,0,0,0,0,0,0,-0,0,0,0,0,0,0,0,1,0,0,0,-0,0,0,0,0,0,0,0,0,0,0,0,0,0
2.71212121212121,0.636363636363636,0,-1,3,0,0,0,0,0,0,-0,0,0,0,0,0,0,0,1,0,0,0,-0,0,0,0,0,0,0,0,0,0,0,0,0,0
2.72222222222222,0.666666666666667,0,-1,3,0,0,0,0,0,0,-0,0,0,0,0,0,0,0,1,0,0,0,-0,0,0,0,0,0,0,0,0,0,0,0,0,0
2.73232323232323,0.696969696969697,0,-1,3,0,0,0,0,0,0,-0,0,0,0,0,0,0,0,1,0,0,0,-0,0,0,0,0,0,0,0,0,0,0,0,0,0
2.74242424242424,0.727272727272727,0,-1,3,0,0,0,0,0,0,-0,0,0,0,0,0,0,0,1,0,0,0,-0,0,0,0,0,0,0,0,0,0,0,0,0,0
2.75252525252525,0.757575757575758,0,-1,3,0,0,0,0,0,0,-0,0,0,0,0,0,0,0,1,0,0,0,-0,0,0,0,0,0,0,0,0,0,0,0,0,0
2.76262626262626,0.787878787878788,0,-1,3,0,0,0,0,0,0,-0,0,0,0,0,0,0,0,1,0,0,0,-0,0,0,0,0,0,0,0,0,0,0,0,0,0
2.77272727272727,0.818181818181817,0,-1,3,0,0,0,0,0,0,-0,0,0,0,0,0,0,0,1,0,0,0,-0,0,0,0,0,0,0,0,0,0,0,0,0,0
2.78282828282828,0.848484848484849,0,-1,3,0,0,0,0,0,0,-0,0,0,0,0,0,0,0,1,0,0,0,-0,0,0,0,0,0,0,0,0,0,0,0,0,0
2.79292929292929,0.878787878787878,0,-1,3,0,0,0,0,0,0,-0,0,0,0,0,0,0,0,1,0,0,0,-0,0,0,0,0,0,0,0,0,0,0,0,0,0
2.8030303030303,0.90909090909091,0,-1,3,0,0,0,0,0,0,-0,0,0,0,0,0,0,0,1,0,0,0,-0,0,0,0,0,0,0,0,0,0,0,0,0,0
2.81313131313131,0.939393939393939,0,-1,3,0,0,0,0,0,0,-0,0,0,0,0,0,0,0,1,0,0,0,-0,0,0,0,0,0,0,0,0,0,0,0,0,0
2.82323232323232,0.969696969696969,0,-1,3,0,0,0,0,0,0,-0,0,0,0,0,0,0,0,1,0,0,0,-0,0,0,0,0,0,0,0,0,0,0,0,0,0
2.83333333333333,1,0,-1,3,0,0,0,0,0,0,-0,0,0,0,0,0,0,0,1,0,0,0,-0,0,0,0,0,0,0,0,0,0,0,0,0,0
2.84343434343434,1.03030303030303,0,-1,3,0,0,0,0,0,0,-0,0,0,0,0,0,0,0,1,0,0,0,-0,0,0,0,0,0,0,0,0,0,0,0,0,0
2.85353535353535,1.06060606060606,0,-1,3,0,0,0,0,0,0,-0,0,0,0,0,0,0,0,1,0,0,0,-0,0,0,0,0,0,0,0,0,0,0,0,0,0
2.86363636363636,1.09090909090909,0,-1,3,0,0,0,0,0,0,-0,0,0,0,0,0,0,0,1,0,0,0,-0,0,0,0,0,0,0,0,0,0,0,0,0,0
2.87373737373737,1.12121212121212,0,-1,3,0,0,0,0,0,0,-0,0,0,0,0,0,0,0,1,0,0,0,-0,0,0,0,0,0,0,0,0,0,0,0,0,0
2.88383838383838,1.15151515151515,0,-1,3,0,0,0,0,0,0,-0,0,0,0,0,0,0,0,1,0,0,0,-0,0,0,0,0,0,0,0,0,0,0,0,0,0
2.89393939393939,1.18181818181818,0,-1,3,0,0,0,0,0,0,-0,0,0,0,0,0,0,0,1,0,0,0,-0,0,0,0,0,0,0,0,0,0,0,0,0,0
2.9040404040404,1.21212121212121,0,-1,3,0,0,0,0,0,0,-0,0,0,0,0,0,0,0,1,0,0,0,-0,0,0,0,0,0,0,0,0,0,0,0,0,0
2.91414141414141,1.24242424242424,0,-1,3,0,0,0,0,0,0,-0,0,0,0,0,0,0,0,1,0,0,0,-0,0,0,0,0,0,0,0,0,0,0,0,0,0
2.92424242424242,1.27272727272727,0,-1,3,0,0,0,0,0,0,-0,0,0,0,0,0,0,0,1,0,0,0,-0,0,0,0,0,0,0,0,0,0,0,0,0,0
2.93434343434343,1.3030303030303,0,-1,3,0,0,0,0,0,0,-0,0,0,0,0,0,0,0,1,0,0,0,-0,0,0,0,0,0,0,0,0,0,0,0,0,0
2.94444444444444,1.33333333333333,0,-1,3,0,0,0,0,0,0,-0,0,0,0,0,0,0,0,1,0,0,0,-0,0,0,0,0,0,0,0,0,0,0,0,0,0
2.95454545454545,1.36363636363636,0,-1,3,0,0,0,0,0,0,-0,0,0,0,0,0,0,0,1,0,0,0,-0,0,0,0,0,0,0,0,0,0,0,0,0,0
2.96464646464646,1.39393939393939,0,-1,3,0,0,0,0,0,0,-0,0,0,0,0,0,0,0,1,0,0,0,-0,0,0,0,0,0,0,0,0,0,0,0,0,0
2.97474747474747,1.42424242424242,0,-1,3,0,0,0,0,0,0,-0,0,0,0,0,0,0,0,1,0,0,0,-0,0,0,0,0,0,0,0,0,0,0,0,0,0
2.98484848484848,1.45454545454545,0,-1,3,0,0,0,0,0,0,-0,0,0,0,0,0,0,0,1,0,0,0,-0,0,0,0,0,0,0,0,0,0,0,0,0,0
2.99494949494949,1.48484848484848,0,-1,3,0,0,0,0,0,0,-0,0,0,0,0,0,0,0,1,0,0,0,-0,0,0,0,0,0,0,0,0,0,0,0,0,0
3.00505050505051,1.51515151515152,0,-1,3,0,0,0,0,0,0,-0,0,0,0,0,0,0,0,1,0,0,0,-0,0,0,0,0,0,0,0,0,0,0,0,0,0
3.01515151515152,1.54545454545455,0,-1,3,0,0,0,0,0,0,-0,0,0,0,0,0,0,0,1,0,0,0,-0,0,0,0,0,0,0,0,0,0,0,0,0,0
3.02525252525253,1.57575757575758,0,-1,3,0,0,0,0,0,0,-0,0,0,0,0,0,0,0,1,0,0,0,-0,0,0,0,0,0,0,0,0,0,0,0,0,0
3.03535353535354,1.60606060606061,0,-1,3,0,0,0,0,0,0,-0,0,0,0,0,0,0,0,1,0,0,0,-0,0,0,0,0,0,0,0,0,0,0,0,0,0
3.04545454545455,1.63636363636364,0,-1,3,0,0,0,0,0,0,-0,0,0,0,0,0,0,0,1,0,0,0,-0,0,0,0,0,0,0,0,0,0,0,0,0,0
3.05555555555556,1.66666666666667,0,-1,3,0,0,0,0,0,0,-0,0,0,0,0,0,0,0,1,0,0,0,-0,0,0,0,0,0,0,0,0,0,0,0,0,0
3.06565656565657,1.6969696969697,0,-1,3,0,0,0,0,0,0,-0,0,0,0,0,0,0,0,1,0,0,0,-0,0,0,0,0,0,0,0,0,0,0,0,0,0
3.07575757575758,1.72727272727273,0,-1,3,0,0,0,0,0,0,-0,0,0,0,0,0,0,0,1,0,0,0,-0,0,0,0,0,0,0,0,0,0,0,0,0,0
3.08585858585859,1.75757575757576,0,-1,3,0,0,0,0,0,0,-0,0,0,0,0,0,0,0,1,0,0,0,-0,0,0,0,0,0,0,0,0,0,0,0,0,0
3.0959595959596,1.78787878787879,0,-1,3,0,0,0,0,0,0,-0,0,0,0,0,0,0,0,1,0,0,0,-0,0,0,0,0,0,0,0,0,0,0,0,0,0
3.10606060606061,1.81818181818182,0,-1,3,0,0,0,0,0,0,-0,0,0,0,0,0,0,0,1,0,0,0,-0,0,0,0,0,0,0,0,0,0,0,0,0,0
3.11616161616162,1.84848484848485,0,-1,3,0,0,0,0,0,0,-0,0,0,0,0,0,0,0,1,0,0,0,-0,0,0,0,0,0,0,0,0,0,0,0,0,0
3.12626262626263,1.87878787878788,0,-1,3,0,0,0,0,0,0,-0,0,0,0,0,0,0,0,1,0,0,0,-0,0,0,0,0,0,0,0,0,0,0,0,0,0
3.13636363636364,1.90909090909091,0,-1,3,0,0,0,0,0,0,-0,0,0,0,0,0,0,0,1,0,0,0,-0,0,0,0,0,0,0,0,0,0,0,0,0,0
3.14646464646465,1.93939393939394,0,-1,3,0,0,0,0,0,0,-0,0,0,0,0,0,0,0,1,0,0,0,-0,0,0,0,0,0,0,0,0,0,0,0,0,0
3.15656565656566,1.96969696969697,0,-1,3,0,0,0,0,0,0,-0,0,0,0,0,0,0,0,1,0,0,0,-0,0,0,0,0,0,0,0,0,0,0,0,0,0
3.16666666666667,2,0,-1,3,0,0,0,0,0,0,-0,0,0,0,0,0,0,0,1,0,0,0,-0,0,0,0,0,0,0,0,0,0,0,0,0,0
3.17676767676768,2.03030303030303,0,-1,3,0,0,0,0,0,0,-0,0,0,0,0,0,0,0,1,0,0,0,-0,0,0,0,0,0,0,0,0,0,0,0,0,0
3.18686868686869,2.06060606060606,0,-1,3,0,0,0,0,0,0,-0,0,0,0,0,0,0,0,1,0,0,0,-0,0,0,0,0,0,0,0,0,0,0,0,0,0
3.1969696969697,2.09090909090909,0,-1,3,0,0,0,0,0,0,-0,0,0,0,0,0,0,0,1,0,0,0,-0,0,0,0,0,0,0,0,0,0,0,0,0,0
3.20707070707071,2.12121212121212,0,-1,3,0,0,0,0,0,0,-0,0,0,0,0,0,0,0,1,0,0,0,-0,0,0,0,0,0,0,0,0,0,0,0,0,0
3.21717171717172,2.15151515151515,0,-1,3,0,0,0,0,0,0,-0,0,0,0,0,0,0,0,1,0,0,0,-0,0,0,0,0,0,0,0,0,0,0,0,0,0
3.22727272727273,2.18181818181818,0,-1,3,0,0,0,0,0,0,-0,0,0,0,0,0,0,0,1,0,0,0,-0,0,0,0,0,0,0,0,0,0,0,0,0,0
3.23737373737374,2.21212121212121,0,-1,3,0,0,0,0,0,0,-0,0,0,0,0,0,0,0,1,0,0,0,-0,0,0,0,0,0,0,0,0,0,0,0,0,0
3.24747474747475,2.24242424242424,0,-1,3,0,0,0,0,0,0,-0,0,0,0,0,0,0,0,1,0,0,0,-0,0,0,0,0,0,0,0,0,0,0,0,0,0
3.25757575757576,2.27272727272727,0,-1,3,0,0,0,0,0,0,-0,0,0,0,0,0,0,0,1,0,0,0,-0,0,0,0,0,0,0,0,0,0,0,0,0,0
3.26767676767677,2.3030303030303,0,-1,3,0,0,0,0,0,0,-0,0,0,0,0,0,0,0,1,0,0,0,-0,0,0,0,0,0,0,0,0,0,0,0,0,0
3.27777777777778,2.33333333333333,0,-1,3,0,0,0,0,0,0,-0,0,0,0,0,0,0,0,1,0,0,0,-0,0,0,0,0,0,0,0,0,0,0,0,0,0
3.28787878787879,2.36363636363636,0,-1,3,0,0,0,0,0,0,-0,0,0,0,0,0,0,0,1,0,0,0,-0,0,0,0,0,0,0,0,0,0,0,0,0,0
3.2979797979798,2.39393939393939,0,-1,3,0,0,0,0,0,0,-0,0,0,0,0,0,0,0,1,0,0,0,-0,0,0,0,0,0,0,0,0,0,0,0,0,0
3.30808080808081,2.42424242424242,0,-1,3,0,0,0,0,0,0,-0,0,0,0,0,0,0,0,1,0,0,0,-0,0,0,0,0,0,0,0,0,0,0,0,0,0
3.31818181818182,2.45454545454546,0,-1,3,0,0,0,0,0,0,-0,0,0,0,0,0,0,0,1,0,0,0,-0,0,0,0,0,0,0,0,0,0,0,0,0,0
3.32828282828283,2.48484848484848,0,-1,3,0,0,0,0,0,0,-0,0,0,0,0,0,0,0,1,0,0,0,-0,0,0,0,0,0,0,0,0,0,0,0,0,0
3.33838383838384,2.51515151515151,0,-1,3,0,0,0,0,0,0,-0,0,0,0,0,0,0,0,1,0,0,0,-0,0,0,0,0,0,0,0,0,0,0,0,0,0
3.34848484848485,2.54545454545455,0,-1,3,0,0,0,0,0,0,-0,0,0,0,0,0,0,0,1,0,0,0,-0,0,0,0,0,0,0,0,0,0,0,0,0,0
3.35858585858586,2.57575757575758,0,-1,3,0,0,0,0,0,0,-0,0,0,0,0,0,0,0,1,0,0,0,-0,0,0,0,0,0,0,0,0,0,0,0,0,0
3.36868686868687,2.60606060606061,0,-1,3,0,0,0,0,0,0,-0,0,0,0,0,0,0,0,1,0,0,0,-0,0,0,0,0,0,0,0,0,0,0,0,0,0
3.37878787878788,2.63636363636364,0,-1,3,0,0,0,0,0,0,-0,0,0,0,0,0,0,0,1,0,0,0,-0,0,0,0,0,0,0,0,0,0,0,0,0,0
3.38888888888889,2.66666666666667,0,-1,3,0,0,0,0,0,0,-0,0,0,0,0,0,0,0,1,0,0,0,-0,0,0,0,0,0,0,0,0,0,0,0,0,0
3.3989898989899,2.6969696969697,0,-1,3,0,0,0,0,0,0,-0,0,0,0,0,0,0,0,1,0,0,0,-0,0,0,0,0,0,0,0,0,0,0,0,0,0
3.40909090909091,2.72727272727273,0,-1,3,0,0,0,0,0,0,-0,0,0,0,0,0,0,0,1,0,0,0,-0,0,0,0,0,0,0,0,0,0,0,0,0,0
3.41919191919192,2.75757575757576,0,-1,3,0,0,0,0,0,0,-0,0,0,0,0,0,0,0,1,0,0,0,-0,0,0,0,0,0,0,0,0,0,0,0,0,0
3.42929292929293,2.78787878787879,0,-1,3,0,0,0,0,0,0,-0,0,0,0,0,0,0,0,1,0,0,0,-0,0,0,0,0,0,0,0,0,0,0,0,0,0
3.43939393939394,2.81818181818182,0,-1,3,0,0,0,0,0,0,-0,0,0,0,0,0,0,0,1,0,0,0,-0,0,0,0,0,0,0,0,0,0,0,0,0,0
3.44949494949495,2.84848484848485,0,-1,3,0,0,0,0,0,0,-0,0,0,0,0,0,0,0,1,0,0,0,-0,0,0,0,0,0,0,0,0,0,0,0,0,0
3.45959595959596,2.87878787878788,0,-1,3,0,0,0,0,0,0,-0,0,0,0,0,0,0,0,1,0,0,0,-0,0,0,0,0,0,0,0,0,0,0,0,0,0
3.46969696969697,2.90909090909091,0,-1,3,0,0,0,0,0,0,-0,0,0,0,0,0,0,0,1,0,0,0,-0,0,0,0,0,0,0,0,0,0,0,0,0,0
3.47979797979798,2.93939393939394,0,-1,3,0,0,0,0,0,0,-0,0,0,0,0,0,0,0,1,0,0,0,-0,0,0,0,0,0,0,0,0,0,0,0,0,0
3.48989898989899,2.96969696969697,0,-1,3,0,0,0,0,0,0,-0,0,0,0,0,0,0,0,1,0,0,0,-0,0,0,0,0,0,0,0,0,0,0,0,0,0
3.5,3,0,-1,3,0,0,0,0,0,0,-0,0,0,0,0,0,0,0,1,0,0,0,-0,0,0,0,0,0,0,0,0,0,0,0,0,0
3.51010101010101,3.03030303030303,0,-1,3,0,0,0,0,0,0,-0,0,0,0,0,0,0,0,1,0,0,0,-0,0,0,0,0,0,0,0,0,0,0,0,0,0
3.52020202020202,3.06060606060606,0,-1,3,0,0,0,0,0,0,-0,0,0,0,0,0,0,0,1,0,0,0,-0,0,0,0,0,0,0,0,0,0,0,0,0,0
3.53030303030303,3.09090909090909,0,-1,3,0,0,0,0,0,0,-0,0,0,0,0,0,0,0,1,0,0,0,-0,0,0,0,0,0,0,0,0,0,0,0,0,0
3.54040404040404,3.12121212121212,0,-1,3,0,0,0,0,0,0,-0,0,0,0,0,0,0,0,1,0,0,0,-0,0,0,0,0,0,0,0,0,0,0,0,0,0
3.55050505050505,3.15151515151515,0,-1,3,0,0,0,0,0,0,-0,0,0,0,0,0,0,0,1,0,0,0,-0,0,0,0,0,0,0,0,0,0,0,0,0,0
3.56060606060606,3.18181818181818,0,-1,3,0,0,0,0,0,0,-0,0,0,0,0,0,0,0,1,0,0,0,-0,0,0,0,0,0,0,0,0,0,0,0,0,0
3.57070707070707,3.21212121212121,0,-1,3,0,0,0,0,0,0,-0,0,0,0,0,0,0,0,1,0,0,0,-0,0,0,0,0,0,0,0,0,0,0,0,0,0
3.58080808080808,3.24242424242424,0,-1,3,0,0,0,0,0,0,-0,0,0,0,0,0,0,0,1,0,0,0,-0,0,0,0,0,0,0,0,0,0,0,0,0,0
3.59090909090909,3.27272727272727,0,-1,3,0,0,0,0,0,0,-0,0,0,0,0,0,0,0,1,0,0,0,-0,0,0,0,0,0,0,0,0,0,0,0,0,0
3.6010101010101,3.3030303030303,0,-1,3,0,0,0,0,0,0,-0,0,0,0,0,0,0,0,1,0,0,0,-0,0,0,0,0,0,0,0,0,0,0,0,0,0
3.61111111111111,3.33333333333333,0,-1,3,0,0,0,0,0,0,-0,0,0,0,0,0,0,0,1,0,0,0,-0,0,0,0,0,0,0,0,0,0,0,0,0,0
3.62121212121212,3.36363636363636,0,-1,3,0,0,0,0,0,0,-0,0,0,0,0,0,0,0,1,0,0,0,-0,0,0,0,0,0,0,0,0,0,0,0,0,0
3.63131313131313,3.39393939393939,0,-1,3,0,0,0,0,0,0,-0,0,0,0,0,0,0,0,1,0,0,0,-0,0,0,0,0,0,0,0,0,0,0,0,0,0
3.64141414141414,3.42424242424242,0,-1,3,0,0,0,0,0,0,-0,0,0,0,0,0,0,0,1,0,0,0,-0,0,0,0,0,0,0,0,0,0,0,0,0,0
3.65151515151515,3.45454545454545,0,-1,3,0,0,0,0,0,0,-0,0,0,0,0,0,0,0,1,0,0,0,-0,0,0,0,0,0,0,0,0,0,0,0,0,0
3.66161616161616,3.48484848484849,0,-1,3,0,0,0,0,0,0,-0,0,0,0,0,0,0,0,1,0,0,0,-0,0,0,0,0,0,0,0,0,0,0,0,0,0
3.67171717171717,3.51515151515152,0,-1,3,0,0,0,0,0,0,-0,0,0,0,0,0,0,0,1,0,0,0,-0,0,0,0,0,0,0,0,0,0,0,0,0,0
3.68181818181818,3.54545454545454,0,-1,3,0,0,0,0,0,0,-0,0,0,0,0,0,0,0,1,0,0,0,-0,0,0,0,0,0,0,0,0,0,0,0,0,0
3.69191919191919,3.57575757575758,0,-1,3,0,0,0,0,0,0,-0,0,0,0,0,0,0,0,1,0,0,0,-0,0,0,0,0,0,0,0,0,0,0,0,0,0
3.7020202020202,3.60606060606061,0,-1,3,0,0,0,0,0,0,-0,0,0,0,0,0,0,0,1,0,0,0,-0,0,0,0,0,0,0,0,0,0,0,0,0,0
3.71212121212121,3.63636363636364,0,-1,3,0,0,0,0,0,0,-0,0,0,0,0,0,0,0,1,0,0,0,-0,0,0,0,0,0,0,0,0,0,0,0,0,0
3.72222222222222,3.66666666666667,0,-1,3,0,0,0,0,0,0,-0,0,0,0,0,0,0,0,1,0,0,0,-0,0,0,0,0,0,0,0,0,0,0,0,0,0
3.73232323232323,3.6969696969697,0,-1,3,0,0,0,0,0,0,-0,0,0,0,0,0,0,0,1,0,0,0,-0,0,0,0,0,0,0,0,0,0,0,0,0,0
3.74242424242424,3.72727272727273,0,-1,3,0,0,0,0,0,0,-0,0,0,0,0,0,0,0,1,0,0,0,-0,0,0,0,0,0,0,0,0,0,0,0,0,0
3.75252525252525,3.75757575757576,0,-1,3,0,0,0,0,0,0,-0,0,0,0,0,0,0,0,1,0,0,0,-0,0,0,0,0,0,0,0,0,0,0,0,0,0
3.76262626262626,3.78787878787879,0,-1,3,0,0,0,0,0,0,-0,0,0,0,0,0,0,0,1,0,0,0,-0,0,0,0,0,0,0,0,0,0,0,0,0,0
3.77272727272727,3.81818181818182,0,-1,3,0,0,0,0,0,0,-0,0,0,0,0,0,0,0,1,0,0,0,-0,0,0,0,0,0,0,0,0,0,0,0,0,0
3.78282828282828,3.84848484848485,0,-1,3,0,0,0,0,0,0,-0,0,0,0,0,0,0,0,1,0,0,0,-0,0,0,0,0,0,0,0,0,0,0,0,0,0
3.79292929292929,3.87878787878788,0,-1,3,0,0,0,0,0,0,-0,0,0,0,0,0,0,0,1,0,0,0,-0,0,0,0,0,0,0,0,0,0,0,0,0,0
3.8030303030303,3.90909090909091,0,-1,3,0,0,0,0,0,0,-0,0,0,0,0,0,0,0,1,0,0,0,-0,0,0,0,0,0,0,0,0,0,0,0,0,0
3.81313131313131,3.93939393939394,0,-1,3,0,0,0,0,0,0,-0,0,0,0,0,0,0,0,1,0,0,0,-0,0,0,0,0,0,0,0,0,0,0,0,0,0
3.82323232323232,3.96969696969697,0,-1,3,0,0,0,0,0,0,-0,0,0,0,0,0,0,0,1,0,0,0,-0,0,0,0,0,0,0,0,0,0,0,0,0,0
3.83333333333333,4,0,-1,3,0,0,0,0,0,0,-0,0,0,0,0,0,0,0,1,0,0,0,-0,0,0,0,0,0,0,0,0,0,0,0,0,0
3.84343434343434,4.03030303030303,0,-1,3,0,0,0,0,0,0,-0,0,0,0,0,0,0,0,1,0,0,0,-0,0,0,0,0,0,0,0,0,0,0,0,0,0
3.85353535353535,4.06060606060606,0,-1,3,0,0,0,0,0,0,-0,0,0,0,0,0,0,0,1,0,0,0,-0,0,0,0,0,0,0,0,0,0,0,0,0,0
3.86363636363636,4.09090909090909,0,-1,3,0,0,0,0,0,0,-0,0,0,0,0,0,0,0,1,0,0,0,-0,0,0,0,0,0,0,0,0,0,0,0,0,0
3.87373737373737,4.12121212121212,0,-1,3,0,0,0,0,0,0,-0,0,0,0,0,0,0,0,1,0,0,0,-0,0,0,0,0,0,0,0,0,0,0,0,0,0
3.88383838383838,4.15151515151515,0,-1,3,0,0,0,0,0,0,-0,0,0,0,0,0,0,0,1,0,0,0,-0,0,0,0,0,0,0,0,0,0,0,0,0,0
3.89393939393939,4.18181818181818,0,-1,3,0,0,0,0,0,0,-0,0,0,0,0,0,0,0,1,0,0,0,-0,0,0,0,0,0,0,0,0,0,0,0,0,0
3.9040404040404,4.21212121212121,0,-1,3,0,0,0,0,0,0,-0,0,0,0,0,0,0,0,1,0,0,0,-0,0,0,0,0,0,0,0,0,0,0,0,0,0
3.91414141414141,4.24242424242424,0,-1,3,0,0,0,0,0,0,-0,0,0,0,0,0,0,0,1,0,0,0,-0,0,0,0,0,0,0,0,0,0,0,0,0,0
3.92424242424242,4.27272727272727,0,-1,3,0,0,0,0,0,0,-0,0,0,0,0,0,0,0,1,0,0,0,-0,0,0,0,0,0,0,0,0,0,0,0,0,0
3.93434343434343,4.3030303030303,0,-1,3,0,0,0,0,0,0,-0,0,0,0,0,0,0,0,1,0,0,0,-0,0,0,0,0,0,0,0,0,0,0,0,0,0
3.94444444444444,4.33333333333333,0,-1,3,0,0,0,0,0,0,-0,0,0,0,0,0,0,0,1,0,0,0,-0,0,0,0,0,0,0,0,0,0,0,0,0,0
3.95454545454545,4.36363636363636,0,-1,3,0,0,0,0,0,0,-0,0,0,0,0,0,0,0,1,0,0,0,-0,0,0,0,0,0,0,0,0,0,0,0,0,0
3.96464646464646,4.39393939393939,0,-1,3,0,0,0,0,0,0,-0,0,0,0,0,0,0,0,1,0,0,0,-0,0,0,0,0,0,0,0,0,0,0,0,0,0
3.97474747474747,4.42424242424242,0,-1,3,0,0,0,0,0,0,-0,0,0,0,0,0,0,0,1,0,0,0,-0,0,0,0,0,0,0,0,0,0,0,0,0,0
3.98484848484848,4.45454545454546,0,-1,3,0,0,0,0,0,0,-0,0,0,0,0,0,0,0,1,0,0,0,-0,0,0,0,0,0,0,0,0,0,0,0,0,0
3.99494949494949,4.48484848484848,0,-1,3,0,0,0,0,0,0,-0,0,0,0,0,0,0,0,1,0,0,0,-0,0,0,0,0,0,0,0,0,0,0,0,0,0
4.00505050505051,4.51515151515152,0,-1,3,0,0,0,0,0,0,-0,0,0,0,0,0,0,0,1,0,0,0,-0,0,0,0,0,0,0,0,0,0,0,0,0,0
4.01515151515152,4.54545454545455,0,-1,3,0,0,0,0,0,0,-0,0,0,0,0,0,0,0,1,0,0,0,-0,0,0,0,0,0,0,0,0,0,0,0,0,0
4.02525252525253,4.57575757575758,0,-1,3,0,0,0,0,0,0,-0,0,0,0,0,0,0,0,1,0,0,0,-0,0,0,0,0,0,0,0,0,0,0,0,0,0
4.03535353535354,4.60606060606061,0,-1,3,0,0,0,0,0,0,-0,0,0,0,0,0,0,0,1,0,0,0,-0,0,0,0,0,0,0,0,0,0,0,0,0,0
4.04545454545454,4.63636363636363,0,-1,3,0,0,0,0,0,0,-0,0,0,0,0,0,0,0,1,0,0,0,-0,0,0,0,0,0,0,0,0,0,0,0,0,0
4.05555555555556,4.66666666666667,0,-1,3,0,0,0,0,0,0,-0,0,0,0,0,0,0,0,1,0,0,0,-0,0,0,0,0,0,0,0,0,0,0,0,0,0
4.06565656565657,4.6969696969697,0,-1,3,0,0,0,0,0,0,-0,0,0,0,0,0,0,0,1,0,0,0,-0,0,0,0,0,0,0,0,0,0,0,0,0,0
4.07575757575758,4.72727272727273,0,-1,3,0,0,0,0,0,0,-0,0,0,0,0,0,0,0,1,0,0,0,-0,0,0,0,0,0,0,0,0,0,0,0,0,0
4.08585858585859,4.75757575757576,0,-1,3,0,0,0,0,0,0,-0,0,0,0,0,0,0,0,1,0,0,0,-0,0,0,0,0,0,0,0,0,0,0,0,0,0
4.0959595959596,4.78787878787879,0,-1,3,0,0,0,0,0,0,-0,0,0,0,0,0,0,0,1,0,0,0,-0,0,0,0,0,0,0,0,0,0,0,0,0,0
4.10606060606061,4.81818181818182,0,-1,3,0,0,0,0,0,0,-0,0,0,0,0,0,0,0,1,0,0,0,-0,0,0,0,0,0,0,0,0,0,0,0,0,0
4.11616161616162,4.84848484848485,0,-1,3,0,0,0,0,0,0,-0,0,0,0,0,0,0,0,1,0,0,0,-0,0,0,0,0,0,0,0,0,0,0,0,0,0
4.12626262626263,4.87878787878788,0,-1,3,0,0,0,0,0,0,-0,0,0,0,0,0,0,0,1,0,0,0,-0,0,0,0,0,0,0,0,0,0,0,0,0,0
4.13636363636364,4.90909090909091,0,-1,3,0,0,0,0,0,0,-0,0,0,0,0,0,0,0,1,0,0,0,-0,0,0,0,0,0,0,0,0,0,0,0,0,0
4.14646464646465,4.93939393939394,0,-1,3,0,0,0,0,0,0,-0,0,0,0,0,0,0,0,1,0,0,0,-0,0,0,0,0,0,0,0,0,0,0,0,0,0
4.15656565656566,4.96969696969697,0,-1,3,0,0,0,0,0,0,-0,0,0,0,0,0,0,0,1,0,0,0,-0,0,0,0,0,0,0,0,0,0,0,0,0,0
4.16666666666667,5,0,-1,3,0,0,0,0,0,0,-0,0,0,0,0,0,0,0,1,0,0,0,-0,0,0,0,0,0,0,0,0,0,0,0,0,0
4.17676767676768,5.03030303030303,0,-1,3,0,0,0,0,0,0,-0,0,0,0,0,0,0,0,1,0,0,0,-0,0,0,0,0,0,0,0,0,0,0,0,0,0
4.18686868686869,5.06060606060606,0,-1,3,0,0,0,0,0,0,-0,0,0,0,0,0,0,0,1,0,0,0,-0,0,0,0,0,0,0,0,0,0,0,0,0,0
4.1969696969697,5.09090909090909,0,-1,3,0,0,0,0,0,0,-0,0,0,0,0,0,0,0,1,0,0,0,-0,0,0,0,0,0,0,0,0,0,0,0,0,0
4.20707070707071,5.12121212121212,0,-1,3,0,0,0,0,0,0,-0,0,0,0,0,0,0,0,1,0,0,0,-0,0,0,0,0,0,0,0,0,0,0,0,0,0
4.21717171717172,5.15151515151515,0,-1,3,0,0,0,0,0,0,-0,0,0,0,0,0,0,0,1,0,0,0,-0,0,0,0,0,0,0,0,0,0,0,0,0,0
4.22727272727273,5.18181818181818,0,-1,3,0,0,0,0,0,0,-0,0,0,0,0,0,0,0,1,0,0,0,-0,0,0,0,0,0,0,0,0,0,0,0,0,0
4.23737373737374,5.21212121212121,0,-1,3,0,0,0,0,0,0,-0,0,0,0,0,0,0,0,1,0,0,0,-0,0,0,0,0,0,0,0,0,0,0,0,0,0
4.24747474747475,5.24242424242424,0,-1,3,0,0,0,0,0,0,-0,0,0,0,0,0,0,0,1,0,0,0,-0,0,0,0,0,0,0,0,0,0,0,0,0,0
4.25757575757576,5.27272727272727,0,-1,3,0,0,0,0,0,0,-0,0,0,0,0,0,0,0,1,0,0,0,-0,0,0,0,0,0,0,0,0,0,0,0,0,0
4.26767676767677,5.3030303030303,0,-1,3,0,0,0,0,0,0,-0,0,0,0,0,0,0,0,1,0,0,0,-0,0,0,0,0,0,0,0,0,0,0,0,0,0
4.27777777777778,5.33333333333333,0,-1,3,0,0,0,0,0,0,-0,0,0,0,0,0,0,0,1,0,0,0,-0,0,0,0,0,0,0,0,0,0,0,0,0,0
4.28787878787879,5.36363636363636,0,-1,3,0,0,0,0,0,0,-0,0,0,0,0,0,0,0,1,0,0,0,-0,0,0,0,0,0,0,0,0,0,0,0,0,0
4.2979797979798,5.39393939393939,0,-1,3,0,0,0,0,0,0,-0,0,0,0,0,0,0,0,1,0,0,0,-0,0,0,0,0,0,0,0,0,0,0,0,0,0
4.30808080808081,5.42424242424242,0,-1,3,0,0,0,0,0,0,-0,0,0,0,0,0,0,0,1,0,0,0,-0,0,0,0,0,0,0,0,0,0,0,0,0,0
4.31818181818182,5.45454545454546,0,-1,3,0,0,0,0,0,0,-0,0,0,0,0,0,0,0,1,0,0,0,-0,0,0,0,0,0,0,0,0,0,0,0,0,0
4.32828282828283,5.48484848484849,0,-1,3,0,0,0,0,0,0,-0,0,0,0,0,0,0,0,1,0,0,0,-0,0,0,0,0,0,0,0,0,0,0,0,0,0
4.33838383838384,5.51515151515151,0,-1,3,0,0,0,0,0,0,-0,0,0,0,0,0,0,0,1,0,0,0,-0,0,0,0,0,0,0,0,0,0,0,0,0,0
4.34848484848485,5.54545454545455,0,-1,3,0,0,0,0,0,0,-0,0,0,0,0,0,0,0,1,0,0,0,-0,0,0,0,0,0,0,0,0,0,0,0,0,0
4.35858585858586,5.57575757575757,0,-1,3,0,0,0,0,0,0,-0,0,0,0,0,0,0,0,1,0,0,0,-0,0,0,0,0,0,0,0,0,0,0,0,0,0
4.36868686868687,5.60606060606061,0,-1,3,0,0,0,0,0,0,-0,0,0,0,0,0,0,0,1,0,0,0,-0,0,0,0,0,0,0,0,0,0,0,0,0,0
4.37878787878788,5.63636363636364,0,-1,3,0,0,0,0,0,0,-0,0,0,0,0,0,0,0,1,0,0,0,-0,0,0,0,0,0,0,0,0,0,0,0,0,0
4.38888888888889,5.66666666666667,0,-1,3,0,0,0,0,0,0,-0,0,0,0,0,0,0,0,1,0,0,0,-0,0,0,0,0,0,0,0,0,0,0,0,0,0
4.3989898989899,5.6969696969697,0,-1,3,0,0,0,0,0,0,-0,0,0,0,0,0,0,0,1,0,0,0,-0,0,0,0,0,0,0,0,0,0,0,0,0,0
4.40909090909091,5.72727272727273,0,-1,3,0,0,0,0,0,0,-0,0,0,0,0,0,0,0,1,0,0,0,-0,0,0,0,0,0,0,0,0,0,0,0,0,0
4.41919191919192,5.75757575757576,0,-1,3,0,0,0,0,0,0,-0,0,0,0,0,0,0,0,1,0,0,0,-0,0,0,0,0,0,0,0,0,0,0,0,0,0
4.42929292929293,5.78787878787879,0,-1,3,0,0,0,0,0,0,-0,0,0,0,0,0,0,0,1,0,0,0,-0,0,0,0,0,0,0,0,0,0,0,0,0,0
4.43939393939394,5.81818181818182,0,-1,3,0,0,0,0,0,0,-0,0,0,0,0,0,0,0,1,0,0,0,-0,0,0,0,0,0,0,0,0,0,0,0,0,0
4.44949494949495,5.84848484848485,0,-1,3,0,0,0,0,0,0,-0,0,0,0,0,0,0,0,1,0,0,0,-0,0,0,0,0,0,0,0,0,0,0,0,0,0
4.45959595959596,5.87878787878788,0,-1,3,0,0,0,0,0,0,-0,0,0,0,0,0,0,0,1,0,0,0,-0,0,0,0,0,0,0,0,0,0,0,0,0,0
4.46969696969697,5.90909090909091,0,-1,3,0,0,0,0,0,0,-0,0,0,0,0,0,0,0,1,0,0,0,-0,0,0,0,0,0,0,0,0,0,0,0,0,0
4.47979797979798,5.93939393939394,0,-1,3,0,0,0,0,0,0,-0,0,0,0,0,0,0,0,1,0,0,0,-0,0,0,0,0,0,0,0,0,0,0,0,0,0
4.48989898989899,5.96969696969697,0,-1,3,0,0,0,0,0,0,-0,0,0,0,0,0,0,0,1,0,0,0,-0,0,0,0,0,0,0,0,0,0,0,0,0,0
4.5,6,0,-1,3,0,0,0,0,0,0,-0,0,0,0,0,0,0,0,1,0,0,0,-0,0,0,0,0,0,0,0,0,0,0,0,0,0
4.51010101010101,6.03030303030303,0,-1,3,0,0,0,0,0,0,-0,0,0,0,0,0,0,0,1,0,0,0,-0,0,0,0,0,0,0,0,0,0,0,0,0,0
4.52020202020202,6.06060606060606,0,-1,3,0,0,0,0,0,0,-0,0,0,0,0,0,0,0,1,0,0,0,-0,0,0,0,0,0,0,0,0,0,0,0,0,0
4.53030303030303,6.09090909090909,0,-1,3,0,0,0,0,0,0,-0,0,0,0,0,0,0,0,1,0,0,0,-0,0,0,0,0,0,0,0,0,0,0,0,0,0
4.54040404040404,6.12121212121212,0,-1,3,0,0,0,0,0,0,-0,0,0,0,0,0,0,0,1,0,0,0,-0,0,0,0,0,0,0,0,0,0,0,0,0,0
4.55050505050505,6.15151515151515,0,-1,3,0,0,0,0,0,0,-0,0,0,0,0,0,0,0,1,0,0,0,-0,0,0,0,0,0,0,0,0,0,0,0,0,0
4.56060606060606,6.18181818181818,0,-1,3,0,0,0,0,0,0,-0,0,0,0,0,0,0,0,1,0,0,0,-0,0,0,0,0,0,0,0,0,0,0,0,0,0
4.57070707070707,6.21212121212121,0,-1,3,0,0,0,0,0,0,-0,0,0,0,0,0,0,0,1,0,0,0,-0,0,0,0,0,0,0,0,0,0,0,0,0,0
4.58080808080808,6.24242424242424,0,-1,3,0,0,0,0,0,0,-0,0,0,0,0,0,0,0,1,0,0,0,-0,0,0,0,0,0,0,0,0,0,0,0,0,0
4.59090909090909,6.27272727272727,0,-1,3,0,0,0,0,0,0,-0,0,0,0,0,0,0,0,1,0,0,0,-0,0,0,0,0,0,0,0,0,0,0,0,0,0
4.6010101010101,6.3030303030303,0,-1,3,0,0,0,0,0,0,-0,0,0,0,0,0,0,0,1,0,0,0,-0,0,0,0,0,0,0,0,0,0,0,0,0,0
4.61111111111111,6.33333333333333,0,-1,3,0,0,0,0,0,0,-0,0,0,0,0,0,0,0,1,0,0,0,-0,0,0,0,0,0,0,0,0,0,0,0,0,0
4.62121212121212,6.36363636363636,0,-1,3,0,0,0,0,0,0,-0,0,0,0,0,0,0,0,1,0,0,0,-0,0,0,0,0,0,0,0,0,0,0,0,0,0
4.63131313131313,6.39393939393939,0,-1,3,0,0,0,0,0,0,-0,0,0,0,0,0,0,0,1,0,0,0,-0,0,0,0,0,0,0,0,0,0,0,0,0,0
4.64141414141414,6.42424242424242,0,-1,3,0,0,0,0,0,0,-0,0,0,0,0,0,0,0,1,0,0,0,-0,0,0,0,0,0,0,0,0,0,0,0,0,0
4.65151515151515,6.45454545454545,0,-1,3,0,0,0,0,0,0,-0,0,0,0,0,0,0,0,1,0,0,0,-0,0,0,0,0,0,0,0,0,0,0,0,0,0
4.66161616161616,6.48484848484849,0,-1,3,0,0,0,0,0,0,-0,0,0,0,0,0,0,0,1,0,0,0,-0,0,0,0,0,0,0,0,0,0,0,0,0,0
4.67171717171717,6.51515151515151,0,-1,3,0,0,0,0,0,0,-0,0,0,0,0,0,0,0,1,0,0,0,-0,0,0,0,0,0,0,0,0,0,0,0,0,0
4.68181818181818,6.54545454545454,0,-1,3,0,0,0,0,0,0,-0,0,0,0,0,0,0,0,1,0,0,0,-0,0,0,0,0,0,0,0,0,0,0,0,0,0
4.69191919191919,6.57575757575758,0,-1,3,0,0,0,0,0,0,-0,0,0,0,0,0,0,0,1,0,0,0,-0,0,0,0,0,0,0,0,0,0,0,0,0,0
4.7020202020202,6.60606060606061,0,-1,3,0,0,0,0,0,0,-0,0,0,0,0,0,0,0,1,0,0,0,-0,0,0,0,0,0,0,0,0,0,0,0,0,0
4.71212121212121,6.63636363636364,0,-1,3,0,0,0,0,0,0,-0,0,0,0,0,0,0,0,1,0,0,0,-0,0,0,0,0,0,0,0,0,0,0,0,0,0
4.72222222222222,6.66666666666667,0,-1,3,0,0,0,0,0,0,-0,0,0,0,0,0,0,0,1,0,0,0,-0,0,0,0,0,0,0,0,0,0,0,0,0,0
4.73232323232323,6.6969696969697,0,-1,3,0,0,0,0,0,0,-0,0,0,0,0,0,0,0,1,0,0,0,-0,0,0,0,0,0,0,0,0,0,0,0,0,0
4.74242424242424,6.72727272727273,0,-1,3,0,0,0,0,0,0,-0,0,0,0,0,0,0,0,1,0,0,0,-0,0,0,0,0,0,0,0,0,0,0,0,0,0
4.75252525252525,6.75757575757576,0,-1,3,0,0,0,0,0,0,-0,0,0,0,0,0,0,0,1,0,0,0,-0,0,0,0,0,0,0,0,0,0,0,0,0,0
4.76262626262626,6.78787878787879,0,-1,3,0,0,0,0,0,0,-0,0,0,0,0,0,0,0,1,0,0,0,-0,0,0,0,0,0,0,0,0,0,0,0,0,0
4.77272727272727,6.81818181818182,0,-1,3,0,0,0,0,0,0,-0,0,0,0,0,0,0,0,1,0,0,0,-0,0,0,0,0,0,0,0,0,0,0,0,0,0
4.78282828282828,6.84848484848485,0,-1,3,0,0,0,0,0,0,-0,0,0,0,0,0,0,0,1,0,0,0,-0,0,0,0,0,0,0,0,0,0,0,0,0,0
4.79292929292929,6.87878787878788,0,-1,3,0,0,0,0,0,0,-0,0,0,0,0,0,0,0,1,0,0,0,-0,0,0,0,0,0,0,0,0,0,0,0,0,0
4.8030303030303,6.90909090909091,0,-1,3,0,0,0,0,0,0,-0,0,0,0,0,0,0,0,1,0,0,0,-0,0,0,0,0,0,0,0,0,0,0,0,0,0
4.81313131313131,6.93939393939394,0,-1,3,0,0,0,0,0,0,-0,0,0,0,0,0,0,0,1,0,0,0,-0,0,0,0,0,0,0,0,0,0,0,0,0,0
4.82323232323232,6.96969696969697,0,-1,3,0,0,0,0,0,0,-0,0,0,0,0,0,0,0,1,0,0,0,-0,0,0,0,0,0,0,0,0,0,0,0,0,0
4.83333333333333,7,0,-1,3,0,0,0,0,0,0,-0,0,0,0,0,0,0,0,1,0,0,0,-0,0,0,0,0,0,0,0,0,0,0,0,0,0
4.84343434343434,7.03030303030303,0,-1,3,0,0,0,0,0,0,-0,0,0,0,0,0,0,0,1,0,0,0,-0,0,0,0,0,0,0,0,0,0,0,0,0,0
4.85353535353535,7.06060606060606,0,-1,3,0,0,0,0,0,0,-0,0,0,0,0,0,0,0,1,0,0,0,-0,0,0,0,0,0,0,0,0,0,0,0,0,0
4.86363636363636,7.09090909090909,0,-1,3,0,0,0,0,0,0,-0,0,0,0,0,0,0,0,1,0,0,0,-0,0,0,0,0,0,0,0,0,0,0,0,0,0
4.87373737373737,7.12121212121212,0,-1,3,0,0,0,0,0,0,-0,0,0,0,0,0,0,0,1,0,0,0,-0,0,0,0,0,0,0,0,0,0,0,0,0,0
4.88383838383838,7.15151515151515,0,-1,3,0,0,0,0,0,0,-0,0,0,0,0,0,0,0,1,0,0,0,-0,0,0,0,0,0,0,0,0,0,0,0,0,0
4.89393939393939,7.18181818181818,0,-1,3,0,0,0,0,0,0,-0,0,0,0,0,0,0,0,1,0,0,0,-0,0,0,0,0,0,0,0,0,0,0,0,0,0
4.9040404040404,7.21212121212121,0,-1,3,0,0,0,0,0,0,-0,0,0,0,0,0,0,0,1,0,0,0,-0,0,0,0,0,0,0,0,0,0,0,0,0,0
4.91414141414141,7.24242424242424,0,-1,3,0,0,0,0,0,0,-0,0,0,0,0,0,0,0,1,0,0,0,-0,0,0,0,0,0,0,0,0,0,0,0,0,0
4.92424242424242,7.27272727272727,0,-1,3,0,0,0,0,0,0,-0,0,0,0,0,0,0,0,1,0,0,0,-0,0,0,0,0,0,0,0,0,0,0,0,0,0
4.93434343434343,7.3030303030303,0,-1,3,0,0,0,0,0,0,-0,0,0,0,0,0,0,0,1,0,0,0,-0,0,0,0,0,0,0,0,0,0,0,0,0,0
4.94444444444444,7.33333333333333,0,-1,3,0,0,0,0,0,0,-0,0,0,0,0,0,0,0,1,0,0,0,-0,0,0,0,0,0,0,0,0,0,0,0,0,0
4.95454545454545,7.36363636363636,0,-1,3,0,0,0,0,0,0,-0,0,0,0,0,0,0,0,1,0,0,0,-0,0,0,0,0,0,0,0,0,0,0,0,0,0
4.96464646464646,7.39393939393939,0,-1,3,0,0,0,0,0,0,-0,0,0,0,0,0,0,0,1,0,0,0,-0,0,0,0,0,0,0,0,0,0,0,0,0,0
4.97474747474747,7.42424242424242,0,-1,3,0,0,0,0,0,0,-0,0,0,0,0,0,0,0,1,0,0,0,-0,0,0,0,0,0,0,0,0,0,0,0,0,0
4.98484848484848,7.45454545454545,0,-1,3,0,0,0,0,0,0,-0,0,0,0,0,0,0,0,1,0,0,0,-0,0,0,0,0,0,0,0,0,0,0,0,0,0
4.99494949494949,7.48484848484848,0,-1,3,0,0,0,0,0,0,-0,0,0,0,0,0,0,0,1,0,0,0,-0,0,0,0,0,0,0,0,0,0,0,0,0,0
5.00505050505051,7.51515151515152,0,-1,3,0,0,0,0,0,0,-0,0,0,0,0,0,0,0,1,0,0,0,-0,0,0,0,0,0,0,0,0,0,0,0,0,0
5.01515151515152,7.54545454545455,0,-1,3,0,0,0,0,0,0,-0,0,0,0,0,0,0,0,1,0,0,0,-0,0,0,0,0,0,0,0,0,0,0,0,0,0
5.02525252525253,7.57575757575758,0,-1,3,0,0,0,0,0,0,-0,0,0,0,0,0,0,0,1,0,0,0,-0,0,0,0,0,0,0,0,0,0,0,0,0,0
5.03535353535354,7.60606060606061,0,-1,3,0,0,0,0,0,0,-0,0,0,0,0,0,0,0,1,0,0,0,-0,0,0,0,0,0,0,0,0,0,0,0,0,0
5.04545454545454,7.63636363636363,0,-1,3,0,0,0,0,0,0,-0,0,0,0,0,0,0,0,1,0,0,0,-0,0,0,0,0,0,0,0,0,0,0,0,0,0
5.05555555555556,7.66666666666667,0,-1,3,0,0,0,0,0,0,-0,0,0,0,0,0,0,0,1,0,0,0,-0,0,0,0,0,0,0,0,0,0,0,0,0,0
5.06565656565657,7.6969696969697,0,-1,3,0,0,0,0,0,0,-0,0,0,0,0,0,0,0,1,0,0,0,-0,0,0,0,0,0,0,0,0,0,0,0,0,0
5.07575757575758,7.72727272727273,0,-1,3,0,0,0,0,0,0,-0,0,0,0,0,0,0,0,1,0,0,0,-0,0,0,0,0,0,0,0,0,0,0,0,0,0
5.08585858585859,7.75757575757576,0,-1,3,0,0,0,0,0,0,-0,0,0,0,0,0,0,0,1,0,0,0,-0,0,0,0,0,0,0,0,0,0,0,0,0,0
5.0959595959596,7.78787878787879,0,-1,3,0,0,0,0,0,0,-0,0,0,0,0,0,0,0,1,0,0,0,-0,0,0,0,0,0,0,0,0,0,0,0,0,0
5.10606060606061,7.81818181818182,0,-1,3,0,0,0,0,0,0,-0,0,0,0,0,0,0,0,1,0,0,0,-0,0,0,0,0,0,0,0,0,0,0,0,0,0
5.11616161616162,7.84848484848485,0,-1,3,0,0,0,0,0,0,-0,0,0,0,0,0,0,0,1,0,0,0,-0,0,0,0,0,0,0,0,0,0,0,0,0,0
5.12626262626263,7.87878787878788,0,-1,3,0,0,0,0,0,0,-0,0,0,0,0,0,0,0,1,0,0,0,-0,0,0,0,0,0,0,0,0,0,0,0,0,0
5.13636363636364,7.90909090909091,0,-1,3,0,0,0,0,0,0,-0,0,0,0,0,0,0,0,1,0,0,0,-0,0,0,0,0,0,0,0,0,0,0,0,0,0
5.14646464646465,7.93939393939394,0,-1,3,0,0,0,0,0,0,-0,0,0,0,0,0,0,0,1,0,0,0,-0,0,0,0,0,0,0,0,0,0,0,0,0,0
5.15656565656566,7.96969696969697,0,-1,3,0,0,0,0,0,0,-0,0,0,0,0,0,0,0,1,0,0,0,-0,0,0,0,0,0,0,0,0,0,0,0,0,0
5.16666666666667,8,0,-1,3,0,0,0,0,0,0,-0,0,0,0,0,0,0,0,1,0,0,0,-0,0,0,0,0,0,0,0,0,0,0,0,0,0
5.17676767676768,8.03030303030303,0,-1,3,0,0,0,0,0,0,-0,0,0,0,0,0,0,0,1,0,0,0,-0,0,0,0,0,0,0,0,0,0,0,0,0,0
5.18686868686869,8.06060606060606,0,-1,3,0,0,0,0,0,0,-0,0,0,0,0,0,0,0,1,0,0,0,-0,0,0,0,0,0,0,0,0,0,0,0,0,0
5.1969696969697,8.09090909090909,0,-1,3,0,0,0,0,0,0,-0,0,0,0,0,0,0,0,1,0,0,0,-0,0,0,0,0,0,0,0,0,0,0,0,0,0
5.20707070707071,8.12121212121212,0,-1,3,0,0,0,0,0,0,-0,0,0,0,0,0,0,0,1,0,0,0,-0,0,0,0,0,0,0,0,0,0,0,0,0,0
5.21717171717172,8.15151515151515,0,-1,3,0,0,0,0,0,0,-0,0,0,0,0,0,0,0,1,0,0,0,-0,0,0,0,0,0,0,0,0,0,0,0,0,0
5.22727272727273,8.18181818181818,0,-1,3,0,0,0,0,0,0,-0,0,0,0,0,0,0,0,1,0,0,0,-0,0,0,0,0,0,0,0,0,0,0,0,0,0
5.23737373737374,8.21212121212121,0,-1,3,0,0,0,0,0,0,-0,0,0,0,0,0,0,0,1,0,0,0,-0,0,0,0,0,0,0,0,0,0,0,0,0,0
5.24747474747475,8.24242424242424,0,-1,3,0,0,0,0,0,0,-0,0,0,0,0,0,0,0,1,0,0,0,-0,0,0,0,0,0,0,0,0,0,0,0,0,0
5.25757575757576,8.27272727272727,0,-1,3,0,0,0,0,0,0,-0,0,0,0,0,0,0,0,1,0,0,0,-0,0,0,0,0,0,0,0,0,0,0,0,0,0
5.26767676767677,8.3030303030303,0,-1,3,0,0,0,0,0,0,-0,0,0,0,0,0,0,0,1,0,0,0,-0,0,0,0,0,0,0,0,0,0,0,0,0,0
5.27777777777778,8.33333333333333,0,-1,3,0,0,0,0,0,0,-0,0,0,0,0,0,0,0,1,0,0,0,-0,0,0,0,0,0,0,0,0,0,0,0,0,0
5.28787878787879,8.36363636363636,0,-1,3,0,0,0,0,0,0,-0,0,0,0,0,0,0,0,1,0,0,0,-0,0,0,0,0,0,0,0,0,0,0,0,0,0
5.2979797979798,8.39393939393939,0,-1,3,0,0,0,0,0,0,-0,0,0,0,0,0,0,0,1,0,0,0,-0,0,0,0,0,0,0,0,0,0,0,0,0,0
5.30808080808081,8.42424242424242,0,-1,3,0,0,0,0,0,0,-0,0,0,0,0,0,0,0,1,0,0,0,-0,0,0,0,0,0,0,0,0,0,0,0,0,0
5.31818181818182,8.45454545454546,0,-1,3,0,0,0,0,0,0,-0,0,0,0,0,0,0,0,1,0,0,0,-0,0,0,0,0,0,0,0,0,0,0,0,0,0
5.32828282828283,8.48484848484849,0,-1,3,0,0,0,0,0,0,-0,0,0,0,0,0,0,0,1,0,0,0,-0,0,0,0,0,0,0,0,0,0,0,0,0,0
5.33838383838384,8.51515151515152,0,-1,3,0,0,0,0,0,0,-0,0,0,0,0,0,0,0,1,0,0,0,-0,0,0,0,0,0,0,0,0,0,0,0,0,0
5.34848484848485,8.54545454545455,0,-1,3,0,0,0,0,0,0,-0,0,0,0,0,0,0,0,1,0,0,0,-0,0,0,0,0,0,0,0,0,0,0,0,0,0
5.35858585858586,8.57575757575757,0,-1,3,0,0,0,0,0,0,-0,0,0,0,0,0,0,0,1,0,0,0,-0,0,0,0,0,0,0,0,0,0,0,0,0,0
5.36868686868687,8.60606060606061,0,-1,3,0,0,0,0,0,0,-0,0,0,0,0,0,0,0,1,0,0,0,-0,0,0,0,0,0,0,0,0,0,0,0,0,0
5.37878787878788,8.63636363636364,0,-1,3,0,0,0,0,0,0,-0,0,0,0,0,0,0,0,1,0,0,0,-0,0,0,0,0,0,0,0,0,0,0,0,0,0
5.38888888888889,8.66666666666667,0,-1,3,0,0,0,0,0,0,-0,0,0,0,0,0,0,0,1,0,0,0,-0,0,0,0,0,0,0,0,0,0,0,0,0,0
5.3989898989899,8.6969696969697,0,-1,3,0,0,0,0,0,0,-0,0,0,0,0,0,0,0,1,0,0,0,-0,0,0,0,0,0,0,0,0,0,0,0,0,0
5.40909090909091,8.72727272727273,0,-1,3,0,0,0,0,0,0,-0,0,0,0,0,0,0,0,1,0,0,0,-0,0,0,0,0,0,0,0,0,0,0,0,0,0
5.41919191919192,8.75757575757576,0,-1,3,0,0,0,0,0,0,-0,0,0,0,0,0,0,0,1,0,0,0,-0,0,0,0,0,0,0,0,0,0,0,0,0,0
5.42929292929293,8.78787878787879,0,-1,3,0,0,0,0,0,0,-0,0,0,0,0,0,0,0,1,0,0,0,-0,0,0,0,0,0,0,0,0,0,0,0,0,0
5.43939393939394,8.81818181818182,0,-1,3,0,0,0,0,0,0,-0,0,0,0,0,0,0,0,1,0,0,0,-0,0,0,0,0,0,0,0,0,0,0,0,0,0
5.44949494949495,8.84848484848485,0,-1,3,0,0,0,0,0,0,-0,0,0,0,0,0,0,0,1,0,0,0,-0,0,0,0,0,0,0,0,0,0,0,0,0,0
5.45959595959596,8.87878787878788,0,-1,3,0,0,0,0,0,0,-0,0,0,0,0,0,0,0,1,0,0,0,-0,0,0,0,0,0,0,0,0,0,0,0,0,0
5.46969696969697,8.90909090909091,0,-1,3,0,0,0,0,0,0,-0,0,0,0,0,0,0,0,1,0,0,0,-0,0,0,0,0,0,0,0,0,0,0,0,0,0
5.47979797979798,8.93939393939394,0,-1,3,0,0,0,0,0,0,-0,0,0,0,0,0,0,0,1,0,0,0,-0,0,0,0,0,0,0,0,0,0,0,0,0,0
5.48989898989899,8.96969696969697,0,-1,3,0,0,0,0,0,0,-0,0,0,0,0,0,0,0,1,0,0,0,-0,0,0,0,0,0,0,0,0,0,0,0,0,0
5.5,9,0,-1,3,0,0,0,0,0,0,-0,0,0,0,0,0,0,0,1,0,0,0,-0,0,0,0,0,0,0,0,0,0,0,0,0,0
